pair,precision,f-measure,recall
cmt-conference,0.448079806250721,0.448177554690708,0.448275862068966
cmt-ekaw,0.434782608695652,0.415273836765828,0.407849843727623
conference-cmt,0.448211648365761,0.448243725294855,0.448275862068966
conference-ekaw,0.363636363636364,0.355478149920255,0.352373571013369
ekaw-cmt,0.478260869565217,0.459626602911874,0.452131971060637
ekaw-conference,0.373961727097565,0.382065452278218,0.4
,0.424488837268547,0.41814422031029,0.418151184989927
