pair,precision,f-measure,recall
cmt-conference,0.448026709188758,0.448150833937636,0.448275862068966
cmt-ekaw,0.434782608695652,0.416371068544982,0.408913992785267
conference-cmt,0.448211648365761,0.448243725294855,0.448275862068966
conference-ekaw,0.363636363636364,0.355936992300629,0.352818578801112
ekaw-cmt,0.478260869565217,0.459626602911874,0.452131971060637
ekaw-conference,0.373852336099474,0.381971073514414,0.4
,0.424461755925204,0.418383382750732,0.418402711130824
