pair,precision,f-measure,recall
cmt-edas,0.529411764705882,0.529411764705882,0.529411764705882
cmt-ekaw,0.347826086956522,0.336736057294033,0.330153728228932
conference-edas,0.482758620689655,0.482758620689655,0.482758620689655
confOf-ekaw,0.569171868967946,0.574488519259528,0.580645161290323
edas-cmt,0.558823529411765,0.543471205887587,0.552993972458093
edas-conference,0.517241379310345,0.499649581466403,0.489208452542288
ekaw-cmt,0.369565217391304,0.358217847829956,0.365256414425547
ekaw-confOf,0.516129032258065,0.515815349947826,0.515507709474538
,0.486365937461435,0.480068618385109,0.480741977976907
