pair,precision,f-measure,recall
cmt-edas,0.529411764705882,0.529411764705882,0.529411764705882
cmt-ekaw,0.347826086956522,0.336907876245865,0.330372572060552
conference-edas,0.482758620689655,0.482758620689655,0.482758620689655
confOf-ekaw,0.569028894820347,0.574407131742278,0.580645161290323
edas-cmt,0.558823529411765,0.543471205887587,0.552993972458093
edas-conference,0.517241379310345,0.500148085466469,0.489845047977486
ekaw-cmt,0.369565217391304,0.358217847829956,0.365256414425547
ekaw-confOf,0.516129032258065,0.515830990393117,0.515538405504641
,0.486348065692986,0.480144190370101,0.480852744889022
